variable,type,var,f_1,f_2,f_3,f_4,metric,export_1,export_2
disp_click,2,Display,,,,,m_3,v1,Display_click
disp_imp,2,Display,,,,,m_2,v2,Display_impression
disp_spd,2,Display,,,,,m_1,v3,Display_spend
local_mobile_clk,2,Local Mobile,,,,,m_3,v4,Local Mobile_click
local_mobile_imp,2,Local Mobile,,,,,m_2,v5,Local Mobile_impression
local_mobile_spd,2,Local Mobile,,,,,m_1,v6,Local Mobile_spend
lr_grp,2,Local Radio,,,,,m_3,v7,Local Radio_grp
lr_imp,2,Local Radio,,,,,m_2,v8,Local Radio_impression
lr_spd,2,Local Radio,,,,,m_1,v9,Local Radio_spend
lt_grp,2,Local TV,,,,,m_3,v10,Local TV_grp
lt_imp,2,Local TV,,,,,m_2,v11,Local TV_impression
lt_spd,2,Local TV,,,,,m_1,v12,Local TV_spend
mag_grp,2,Magazine,,,,,m_3,v13,Magazine_grp
mag_imp,2,Magazine,,,,,m_2,v14,Magazine_impression
mag_spd,2,Magazine,,,,,m_1,v15,Magazine_spend
nr_dgt_grp,2,Network Radio,Digital,,,,m_3,v16,Network Radio_Digital_grp
nr_dgt_imp,2,Network Radio,Digital,,,,m_2,v17,Network Radio_Digital_impression
nr_dgt_spd,2,Network Radio,Digital,,,,m_1,v18,Network Radio_Digital_spend
nr_terr_grp,2,Network Radio,Territail,,,,m_3,v19,Network Radio_Territail_grp
nr_terr_imp,2,Network Radio,Territail,,,,m_2,v20,Network Radio_Territail_impression
nr_terr_spd,2,Network Radio,Territail,,,,m_1,v21,Network Radio_Territail_spend
nt_imp,2,National TV,,,,,m_2,v22,National TV_impression
nt_spd,2,National TV,,,,,m_1,v23,National TV_spend
ooh_imp,2,OOH,,,,,m_2,v24,OOH_impression
ooh_spd,2,OOH,,,,,m_1,v25,OOH_spend
psch_clk_dsktp_pla_br,2,Search,Desktop,PLA,Brand,,m_3,v26,Search_Desktop_PLA_Brand_click
psch_clk_dsktp_pla_nbr,2,Search,Desktop,PLA,Non-Brand,,m_3,v27,Search_Desktop_PLA_Non-Brand_click
psch_clk_dsktp_reg_br,2,Search,Desktop,Regular,Brand,,m_3,v28,Search_Desktop_Regular_Brand_click
psch_clk_dsktp_reg_nbr,2,Search,Desktop,Regular,Non-Brand,,m_3,v29,Search_Desktop_Regular_Non-Brand_click
psch_clk_mo_pla_br,2,Search,Mobile,PLA,Brand,,m_3,v30,Search_Mobile_PLA_Brand_click
psch_clk_mo_pla_nbr,2,Search,Mobile,PLA,Non-Brand,,m_3,v31,Search_Mobile_PLA_Non-Brand_click
psch_clk_mo_reg_br,2,Search,Mobile,Regular,Brand,,m_3,v32,Search_Mobile_Regular_Brand_click
psch_clk_mo_reg_nbr,2,Search,Mobile,Regular,Non-Brand,,m_3,v33,Search_Mobile_Regular_Non-Brand_click
psch_clk_tblt_pla_br,2,Search,Tablet,PLA,Brand,,m_3,v34,Search_Tablet_PLA_Brand_click
psch_clk_tblt_pla_nbr,2,Search,Tablet,PLA,Non-Brand,,m_3,v35,Search_Tablet_PLA_Non-Brand_click
psch_clk_tblt_reg_br,2,Search,Tablet,Regular,Brand,,m_3,v36,Search_Tablet_Regular_Brand_click
psch_clk_tblt_reg_nbr,2,Search,Tablet,Regular,Non-Brand,,m_3,v37,Search_Tablet_Regular_Non-Brand_click
psch_imp_dsktp_pla_br,2,Search,Desktop,PLA,Brand,,m_2,v38,Search_Desktop_PLA_Brand_impression
psch_imp_dsktp_pla_nbr,2,Search,Desktop,PLA,Non-Brand,,m_2,v39,Search_Desktop_PLA_Non-Brand_impression
psch_imp_dsktp_reg_br,2,Search,Desktop,Regular,Brand,,m_2,v40,Search_Desktop_Regular_Brand_impression
psch_imp_dsktp_reg_nbr,2,Search,Desktop,Regular,Non-Brand,,m_2,v41,Search_Desktop_Regular_Non-Brand_impression
psch_imp_mo_pla_br,2,Search,Mobile,PLA,Brand,,m_2,v42,Search_Mobile_PLA_Brand_impression
psch_imp_mo_pla_nbr,2,Search,Mobile,PLA,Non-Brand,,m_2,v43,Search_Mobile_PLA_Non-Brand_impression
psch_imp_mo_reg_br,2,Search,Mobile,Regular,Brand,,m_2,v44,Search_Mobile_Regular_Brand_impression
psch_imp_mo_reg_nbr,2,Search,Mobile,Regular,Non-Brand,,m_2,v45,Search_Mobile_Regular_Non-Brand_impression
psch_imp_tblt_pla_br,2,Search,Tablet,PLA,Brand,,m_2,v46,Search_Tablet_PLA_Brand_impression
psch_imp_tblt_pla_nbr,2,Search,Tablet,PLA,Non-Brand,,m_2,v47,Search_Tablet_PLA_Non-Brand_impression
psch_imp_tblt_reg_br,2,Search,Tablet,Regular,Brand,,m_2,v48,Search_Tablet_Regular_Brand_impression
psch_imp_tblt_reg_nbr,2,Search,Tablet,Regular,Non-Brand,,m_2,v49,Search_Tablet_Regular_Non-Brand_impression
psch_spd_dsktp_pla_br,2,Search,Desktop,PLA,Brand,,m_1,v50,Search_Desktop_PLA_Brand_spend
psch_spd_dsktp_pla_nbr,2,Search,Desktop,PLA,Non-Brand,,m_1,v51,Search_Desktop_PLA_Non-Brand_spend
psch_spd_dsktp_reg_br,2,Search,Desktop,Regular,Brand,,m_1,v52,Search_Desktop_Regular_Brand_spend
psch_spd_dsktp_reg_nbr,2,Search,Desktop,Regular,Non-Brand,,m_1,v53,Search_Desktop_Regular_Non-Brand_spend
psch_spd_mo_pla_br,2,Search,Mobile,PLA,Brand,,m_1,v54,Search_Mobile_PLA_Brand_spend
psch_spd_mo_pla_nbr,2,Search,Mobile,PLA,Non-Brand,,m_1,v55,Search_Mobile_PLA_Non-Brand_spend
psch_spd_mo_reg_br,2,Search,Mobile,Regular,Brand,,m_1,v56,Search_Mobile_Regular_Brand_spend
psch_spd_mo_reg_nbr,2,Search,Mobile,Regular,Non-Brand,,m_1,v57,Search_Mobile_Regular_Non-Brand_spend
psch_spd_tblt_pla_br,2,Search,Tablet,PLA,Brand,,m_1,v58,Search_Tablet_PLA_Brand_spend
psch_spd_tblt_pla_nbr,2,Search,Tablet,PLA,Non-Brand,,m_1,v59,Search_Tablet_PLA_Non-Brand_spend
psch_spd_tblt_reg_br,2,Search,Tablet,Regular,Brand,,m_1,v60,Search_Tablet_Regular_Brand_spend
psch_spd_tblt_reg_nbr,2,Search,Tablet,Regular,Non-Brand,,m_1,v61,Search_Tablet_Regular_Non-Brand_spend
Tab_Circ_Midweek,2,Tab,Midweek,,,,m_2,v62,Tab_Midweek_circ
Tab_Circ_Other,2,Tab,Other,,,,m_2,v63,Tab_Other_circ
Tab_Circ_ROP,2,Tab,ROP,,,,m_2,v64,Tab_ROP_circ
Tab_Circ_Sunday,2,Tab,Sunday,,,,m_2,v65,Tab_Sunday_circ
Tab_Circ_Weekend,2,Tab,Weekend,,,,m_2,v66,Tab_Weekend_circ
Tab_Spend_Midweek,2,Tab,Midweek,,,,m_1,v67,Tab_Midweek_spend
Tab_Spend_Other,2,Tab,Other,,,,m_1,v68,Tab_Other_spend
Tab_Spend_ROP,2,Tab,ROP,,,,m_1,v69,Tab_ROP_spend
Tab_Spend_Sunday,2,Tab,Sunday,,,,m_1,v70,Tab_Sunday_spend
Tab_Spend_Weekend,2,Tab,Weekend,,,,m_1,v71,Tab_Weekend_spend
ex_nloy_nkc_other_reg,1,Sales - Other,Existing Customer,Non Loyalist,Non Kohl's Charge,Sales - Other,m_2,v72,Sales - Other_Existing Customer_Non Loyalist_Non Kohl's Charge_regular
ex_nloy_nkc_dcp_reg,1,Discount Cherry Picker,Existing Customer,Non Loyalist,Non Kohl's Charge,Discount Cherry Picker,m_2,v73,Discount Cherry Picker_Existing Customer_Non Loyalist_Non Kohl's Charge_regular
ex_nloy_nkc_fsloy_reg,1,Kohl's Full Store Loyalist,Existing Customer,Non Loyalist,Non Kohl's Charge,Kohl's Full Store Loyalist,m_2,v74,Kohl's Full Store Loyalist_Existing Customer_Non Loyalist_Non Kohl's Charge_regular
ex_nloy_nkc_iseth_reg,1,Kohl's In-Store Enthusiast,Existing Customer,Non Loyalist,Non Kohl's Charge,Kohl's In-Store Enthusiast,m_2,v75,Kohl's In-Store Enthusiast_Existing Customer_Non Loyalist_Non Kohl's Charge_regular
ex_nloy_nkc_kids_reg,1,Kohl's Kids,Existing Customer,Non Loyalist,Non Kohl's Charge,Kohl's Kids,m_2,v76,Kohl's Kids_Existing Customer_Non Loyalist_Non Kohl's Charge_regular
ex_nloy_nkc_mens_reg,1,Kohl's Mens,Existing Customer,Non Loyalist,Non Kohl's Charge,Kohl's Mens,m_2,v77,Kohl's Mens_Existing Customer_Non Loyalist_Non Kohl's Charge_regular
ex_nloy_nkc_oleth_reg,1,Kohl's Online Enthusiast,Existing Customer,Non Loyalist,Non Kohl's Charge,Kohl's Online Enthusiast,m_2,v78,Kohl's Online Enthusiast_Existing Customer_Non Loyalist_Non Kohl's Charge_regular
ex_nloy_nkc_missex_reg,1,Misses Exclusive,Existing Customer,Non Loyalist,Non Kohl's Charge,Misses Exclusive,m_2,v79,Misses Exclusive_Existing Customer_Non Loyalist_Non Kohl's Charge_regular
ex_nloy_nkc_ocbb_reg,1,Occasional Big Basket,Existing Customer,Non Loyalist,Non Kohl's Charge,Occasional Big Basket,m_2,v80,Occasional Big Basket_Existing Customer_Non Loyalist_Non Kohl's Charge_regular
ex_nloy_nkc_odis_reg,1,One and Done In-Store,Existing Customer,Non Loyalist,Non Kohl's Charge,One and Done In-Store,m_2,v81,One and Done In-Store_Existing Customer_Non Loyalist_Non Kohl's Charge_regular
ex_nloy_nkc_odol_reg,1,One and Done Online,Existing Customer,Non Loyalist,Non Kohl's Charge,One and Done Online,m_2,v82,One and Done Online_Existing Customer_Non Loyalist_Non Kohl's Charge_regular
ex_nloy_kc_other_reg,1,Sales - Other,Existing Customer,Non Loyalist,Kohl's Charge,Sales - Other,m_2,v83,Sales - Other_Existing Customer_Non Loyalist_Kohl's Charge_regular
ex_nloy_kc_dcp_reg,1,Discount Cherry Picker,Existing Customer,Non Loyalist,Kohl's Charge,Discount Cherry Picker,m_2,v84,Discount Cherry Picker_Existing Customer_Non Loyalist_Kohl's Charge_regular
ex_nloy_kc_fsloy_reg,1,Kohl's Full Store Loyalist,Existing Customer,Non Loyalist,Kohl's Charge,Kohl's Full Store Loyalist,m_2,v85,Kohl's Full Store Loyalist_Existing Customer_Non Loyalist_Kohl's Charge_regular
ex_nloy_kc_iseth_reg,1,Kohl's In-Store Enthusiast,Existing Customer,Non Loyalist,Kohl's Charge,Kohl's In-Store Enthusiast,m_2,v86,Kohl's In-Store Enthusiast_Existing Customer_Non Loyalist_Kohl's Charge_regular
ex_nloy_kc_kids_reg,1,Kohl's Kids,Existing Customer,Non Loyalist,Kohl's Charge,Kohl's Kids,m_2,v87,Kohl's Kids_Existing Customer_Non Loyalist_Kohl's Charge_regular
ex_nloy_kc_mens_reg,1,Kohl's Mens,Existing Customer,Non Loyalist,Kohl's Charge,Kohl's Mens,m_2,v88,Kohl's Mens_Existing Customer_Non Loyalist_Kohl's Charge_regular
ex_nloy_kc_oleth_reg,1,Kohl's Online Enthusiast,Existing Customer,Non Loyalist,Kohl's Charge,Kohl's Online Enthusiast,m_2,v89,Kohl's Online Enthusiast_Existing Customer_Non Loyalist_Kohl's Charge_regular
ex_nloy_kc_missex_reg,1,Misses Exclusive,Existing Customer,Non Loyalist,Kohl's Charge,Misses Exclusive,m_2,v90,Misses Exclusive_Existing Customer_Non Loyalist_Kohl's Charge_regular
ex_nloy_kc_ocbb_reg,1,Occasional Big Basket,Existing Customer,Non Loyalist,Kohl's Charge,Occasional Big Basket,m_2,v91,Occasional Big Basket_Existing Customer_Non Loyalist_Kohl's Charge_regular
ex_nloy_kc_odis_reg,1,One and Done In-Store,Existing Customer,Non Loyalist,Kohl's Charge,One and Done In-Store,m_2,v92,One and Done In-Store_Existing Customer_Non Loyalist_Kohl's Charge_regular
ex_nloy_kc_odol_reg,1,One and Done Online,Existing Customer,Non Loyalist,Kohl's Charge,One and Done Online,m_2,v93,One and Done Online_Existing Customer_Non Loyalist_Kohl's Charge_regular
ex_loy_nkc_other_reg,1,Sales - Other,Existing Customer,Loyalist,Non Kohl's Charge,Sales - Other,m_2,v94,Sales - Other_Existing Customer_Loyalist_Non Kohl's Charge_regular
ex_loy_nkc_dcp_reg,1,Discount Cherry Picker,Existing Customer,Loyalist,Non Kohl's Charge,Discount Cherry Picker,m_2,v95,Discount Cherry Picker_Existing Customer_Loyalist_Non Kohl's Charge_regular
ex_loy_nkc_fsloy_reg,1,Kohl's Full Store Loyalist,Existing Customer,Loyalist,Non Kohl's Charge,Kohl's Full Store Loyalist,m_2,v96,Kohl's Full Store Loyalist_Existing Customer_Loyalist_Non Kohl's Charge_regular
ex_loy_nkc_iseth_reg,1,Kohl's In-Store Enthusiast,Existing Customer,Loyalist,Non Kohl's Charge,Kohl's In-Store Enthusiast,m_2,v97,Kohl's In-Store Enthusiast_Existing Customer_Loyalist_Non Kohl's Charge_regular
ex_loy_nkc_kids_reg,1,Kohl's Kids,Existing Customer,Loyalist,Non Kohl's Charge,Kohl's Kids,m_2,v98,Kohl's Kids_Existing Customer_Loyalist_Non Kohl's Charge_regular
ex_loy_nkc_mens_reg,1,Kohl's Mens,Existing Customer,Loyalist,Non Kohl's Charge,Kohl's Mens,m_2,v99,Kohl's Mens_Existing Customer_Loyalist_Non Kohl's Charge_regular
ex_loy_nkc_oleth_reg,1,Kohl's Online Enthusiast,Existing Customer,Loyalist,Non Kohl's Charge,Kohl's Online Enthusiast,m_2,v100,Kohl's Online Enthusiast_Existing Customer_Loyalist_Non Kohl's Charge_regular
ex_loy_nkc_missex_reg,1,Misses Exclusive,Existing Customer,Loyalist,Non Kohl's Charge,Misses Exclusive,m_2,v101,Misses Exclusive_Existing Customer_Loyalist_Non Kohl's Charge_regular
ex_loy_nkc_ocbb_reg,1,Occasional Big Basket,Existing Customer,Loyalist,Non Kohl's Charge,Occasional Big Basket,m_2,v102,Occasional Big Basket_Existing Customer_Loyalist_Non Kohl's Charge_regular
ex_loy_nkc_odis_reg,1,One and Done In-Store,Existing Customer,Loyalist,Non Kohl's Charge,One and Done In-Store,m_2,v103,One and Done In-Store_Existing Customer_Loyalist_Non Kohl's Charge_regular
ex_loy_nkc_odol_reg,1,One and Done Online,Existing Customer,Loyalist,Non Kohl's Charge,One and Done Online,m_2,v104,One and Done Online_Existing Customer_Loyalist_Non Kohl's Charge_regular
ex_loy_kc_other_reg,1,Sales - Other,Existing Customer,Loyalist,Kohl's Charge,Sales - Other,m_2,v105,Sales - Other_Existing Customer_Loyalist_Kohl's Charge_regular
ex_loy_kc_dcp_reg,1,Discount Cherry Picker,Existing Customer,Loyalist,Kohl's Charge,Discount Cherry Picker,m_2,v106,Discount Cherry Picker_Existing Customer_Loyalist_Kohl's Charge_regular
ex_loy_kc_fsloy_reg,1,Kohl's Full Store Loyalist,Existing Customer,Loyalist,Kohl's Charge,Kohl's Full Store Loyalist,m_2,v107,Kohl's Full Store Loyalist_Existing Customer_Loyalist_Kohl's Charge_regular
ex_loy_kc_iseth_reg,1,Kohl's In-Store Enthusiast,Existing Customer,Loyalist,Kohl's Charge,Kohl's In-Store Enthusiast,m_2,v108,Kohl's In-Store Enthusiast_Existing Customer_Loyalist_Kohl's Charge_regular
ex_loy_kc_kids_reg,1,Kohl's Kids,Existing Customer,Loyalist,Kohl's Charge,Kohl's Kids,m_2,v109,Kohl's Kids_Existing Customer_Loyalist_Kohl's Charge_regular
ex_loy_kc_mens_reg,1,Kohl's Mens,Existing Customer,Loyalist,Kohl's Charge,Kohl's Mens,m_2,v110,Kohl's Mens_Existing Customer_Loyalist_Kohl's Charge_regular
ex_loy_kc_oleth_reg,1,Kohl's Online Enthusiast,Existing Customer,Loyalist,Kohl's Charge,Kohl's Online Enthusiast,m_2,v111,Kohl's Online Enthusiast_Existing Customer_Loyalist_Kohl's Charge_regular
ex_loy_kc_missex_reg,1,Misses Exclusive,Existing Customer,Loyalist,Kohl's Charge,Misses Exclusive,m_2,v112,Misses Exclusive_Existing Customer_Loyalist_Kohl's Charge_regular
ex_loy_kc_ocbb_reg,1,Occasional Big Basket,Existing Customer,Loyalist,Kohl's Charge,Occasional Big Basket,m_2,v113,Occasional Big Basket_Existing Customer_Loyalist_Kohl's Charge_regular
ex_loy_kc_odis_reg,1,One and Done In-Store,Existing Customer,Loyalist,Kohl's Charge,One and Done In-Store,m_2,v114,One and Done In-Store_Existing Customer_Loyalist_Kohl's Charge_regular
ex_loy_kc_odol_reg,1,One and Done Online,Existing Customer,Loyalist,Kohl's Charge,One and Done Online,m_2,v115,One and Done Online_Existing Customer_Loyalist_Kohl's Charge_regular
new_nloy_nkc_other_reg,1,Sales - Other,New Customer,Non Loyalist,Non Kohl's Charge,Sales - Other,m_2,v116,Sales - Other_New Customer_Non Loyalist_Non Kohl's Charge_regular
new_nloy_nkc_dcp_reg,1,Discount Cherry Picker,New Customer,Non Loyalist,Non Kohl's Charge,Discount Cherry Picker,m_2,v117,Discount Cherry Picker_New Customer_Non Loyalist_Non Kohl's Charge_regular
new_nloy_nkc_fsloy_reg,1,Kohl's Full Store Loyalist,New Customer,Non Loyalist,Non Kohl's Charge,Kohl's Full Store Loyalist,m_2,v118,Kohl's Full Store Loyalist_New Customer_Non Loyalist_Non Kohl's Charge_regular
new_nloy_nkc_iseth_reg,1,Kohl's In-Store Enthusiast,New Customer,Non Loyalist,Non Kohl's Charge,Kohl's In-Store Enthusiast,m_2,v119,Kohl's In-Store Enthusiast_New Customer_Non Loyalist_Non Kohl's Charge_regular
new_nloy_nkc_kids_reg,1,Kohl's Kids,New Customer,Non Loyalist,Non Kohl's Charge,Kohl's Kids,m_2,v120,Kohl's Kids_New Customer_Non Loyalist_Non Kohl's Charge_regular
new_nloy_nkc_mens_reg,1,Kohl's Mens,New Customer,Non Loyalist,Non Kohl's Charge,Kohl's Mens,m_2,v121,Kohl's Mens_New Customer_Non Loyalist_Non Kohl's Charge_regular
new_nloy_nkc_oleth_reg,1,Kohl's Online Enthusiast,New Customer,Non Loyalist,Non Kohl's Charge,Kohl's Online Enthusiast,m_2,v122,Kohl's Online Enthusiast_New Customer_Non Loyalist_Non Kohl's Charge_regular
new_nloy_nkc_missex_reg,1,Misses Exclusive,New Customer,Non Loyalist,Non Kohl's Charge,Misses Exclusive,m_2,v123,Misses Exclusive_New Customer_Non Loyalist_Non Kohl's Charge_regular
new_nloy_nkc_ocbb_reg,1,Occasional Big Basket,New Customer,Non Loyalist,Non Kohl's Charge,Occasional Big Basket,m_2,v124,Occasional Big Basket_New Customer_Non Loyalist_Non Kohl's Charge_regular
new_nloy_nkc_odis_reg,1,One and Done In-Store,New Customer,Non Loyalist,Non Kohl's Charge,One and Done In-Store,m_2,v125,One and Done In-Store_New Customer_Non Loyalist_Non Kohl's Charge_regular
new_nloy_nkc_odol_reg,1,One and Done Online,New Customer,Non Loyalist,Non Kohl's Charge,One and Done Online,m_2,v126,One and Done Online_New Customer_Non Loyalist_Non Kohl's Charge_regular
new_nloy_kc_other_reg,1,Sales - Other,New Customer,Non Loyalist,Kohl's Charge,Sales - Other,m_2,v127,Sales - Other_New Customer_Non Loyalist_Kohl's Charge_regular
new_nloy_kc_dcp_reg,1,Discount Cherry Picker,New Customer,Non Loyalist,Kohl's Charge,Discount Cherry Picker,m_2,v128,Discount Cherry Picker_New Customer_Non Loyalist_Kohl's Charge_regular
new_nloy_kc_fsloy_reg,1,Kohl's Full Store Loyalist,New Customer,Non Loyalist,Kohl's Charge,Kohl's Full Store Loyalist,m_2,v129,Kohl's Full Store Loyalist_New Customer_Non Loyalist_Kohl's Charge_regular
new_nloy_kc_iseth_reg,1,Kohl's In-Store Enthusiast,New Customer,Non Loyalist,Kohl's Charge,Kohl's In-Store Enthusiast,m_2,v130,Kohl's In-Store Enthusiast_New Customer_Non Loyalist_Kohl's Charge_regular
new_nloy_kc_kids_reg,1,Kohl's Kids,New Customer,Non Loyalist,Kohl's Charge,Kohl's Kids,m_2,v131,Kohl's Kids_New Customer_Non Loyalist_Kohl's Charge_regular
new_nloy_kc_mens_reg,1,Kohl's Mens,New Customer,Non Loyalist,Kohl's Charge,Kohl's Mens,m_2,v132,Kohl's Mens_New Customer_Non Loyalist_Kohl's Charge_regular
new_nloy_kc_oleth_reg,1,Kohl's Online Enthusiast,New Customer,Non Loyalist,Kohl's Charge,Kohl's Online Enthusiast,m_2,v133,Kohl's Online Enthusiast_New Customer_Non Loyalist_Kohl's Charge_regular
new_nloy_kc_missex_reg,1,Misses Exclusive,New Customer,Non Loyalist,Kohl's Charge,Misses Exclusive,m_2,v134,Misses Exclusive_New Customer_Non Loyalist_Kohl's Charge_regular
new_nloy_kc_ocbb_reg,1,Occasional Big Basket,New Customer,Non Loyalist,Kohl's Charge,Occasional Big Basket,m_2,v135,Occasional Big Basket_New Customer_Non Loyalist_Kohl's Charge_regular
new_nloy_kc_odis_reg,1,One and Done In-Store,New Customer,Non Loyalist,Kohl's Charge,One and Done In-Store,m_2,v136,One and Done In-Store_New Customer_Non Loyalist_Kohl's Charge_regular
new_nloy_kc_odol_reg,1,One and Done Online,New Customer,Non Loyalist,Kohl's Charge,One and Done Online,m_2,v137,One and Done Online_New Customer_Non Loyalist_Kohl's Charge_regular
new_loy_nkc_other_reg,1,Sales - Other,New Customer,Loyalist,Non Kohl's Charge,Sales - Other,m_2,v138,Sales - Other_New Customer_Loyalist_Non Kohl's Charge_regular
new_loy_nkc_dcp_reg,1,Discount Cherry Picker,New Customer,Loyalist,Non Kohl's Charge,Discount Cherry Picker,m_2,v139,Discount Cherry Picker_New Customer_Loyalist_Non Kohl's Charge_regular
new_loy_nkc_fsloy_reg,1,Kohl's Full Store Loyalist,New Customer,Loyalist,Non Kohl's Charge,Kohl's Full Store Loyalist,m_2,v140,Kohl's Full Store Loyalist_New Customer_Loyalist_Non Kohl's Charge_regular
new_loy_nkc_iseth_reg,1,Kohl's In-Store Enthusiast,New Customer,Loyalist,Non Kohl's Charge,Kohl's In-Store Enthusiast,m_2,v141,Kohl's In-Store Enthusiast_New Customer_Loyalist_Non Kohl's Charge_regular
new_loy_nkc_kids_reg,1,Kohl's Kids,New Customer,Loyalist,Non Kohl's Charge,Kohl's Kids,m_2,v142,Kohl's Kids_New Customer_Loyalist_Non Kohl's Charge_regular
new_loy_nkc_mens_reg,1,Kohl's Mens,New Customer,Loyalist,Non Kohl's Charge,Kohl's Mens,m_2,v143,Kohl's Mens_New Customer_Loyalist_Non Kohl's Charge_regular
new_loy_nkc_oleth_reg,1,Kohl's Online Enthusiast,New Customer,Loyalist,Non Kohl's Charge,Kohl's Online Enthusiast,m_2,v144,Kohl's Online Enthusiast_New Customer_Loyalist_Non Kohl's Charge_regular
new_loy_nkc_missex_reg,1,Misses Exclusive,New Customer,Loyalist,Non Kohl's Charge,Misses Exclusive,m_2,v145,Misses Exclusive_New Customer_Loyalist_Non Kohl's Charge_regular
new_loy_nkc_ocbb_reg,1,Occasional Big Basket,New Customer,Loyalist,Non Kohl's Charge,Occasional Big Basket,m_2,v146,Occasional Big Basket_New Customer_Loyalist_Non Kohl's Charge_regular
new_loy_nkc_odis_reg,1,One and Done In-Store,New Customer,Loyalist,Non Kohl's Charge,One and Done In-Store,m_2,v147,One and Done In-Store_New Customer_Loyalist_Non Kohl's Charge_regular
new_loy_nkc_odol_reg,1,One and Done Online,New Customer,Loyalist,Non Kohl's Charge,One and Done Online,m_2,v148,One and Done Online_New Customer_Loyalist_Non Kohl's Charge_regular
new_loy_kc_other_reg,1,Sales - Other,New Customer,Loyalist,Kohl's Charge,Sales - Other,m_2,v149,Sales - Other_New Customer_Loyalist_Kohl's Charge_regular
new_loy_kc_dcp_reg,1,Discount Cherry Picker,New Customer,Loyalist,Kohl's Charge,Discount Cherry Picker,m_2,v150,Discount Cherry Picker_New Customer_Loyalist_Kohl's Charge_regular
new_loy_kc_fsloy_reg,1,Kohl's Full Store Loyalist,New Customer,Loyalist,Kohl's Charge,Kohl's Full Store Loyalist,m_2,v151,Kohl's Full Store Loyalist_New Customer_Loyalist_Kohl's Charge_regular
new_loy_kc_iseth_reg,1,Kohl's In-Store Enthusiast,New Customer,Loyalist,Kohl's Charge,Kohl's In-Store Enthusiast,m_2,v152,Kohl's In-Store Enthusiast_New Customer_Loyalist_Kohl's Charge_regular
new_loy_kc_kids_reg,1,Kohl's Kids,New Customer,Loyalist,Kohl's Charge,Kohl's Kids,m_2,v153,Kohl's Kids_New Customer_Loyalist_Kohl's Charge_regular
new_loy_kc_mens_reg,1,Kohl's Mens,New Customer,Loyalist,Kohl's Charge,Kohl's Mens,m_2,v154,Kohl's Mens_New Customer_Loyalist_Kohl's Charge_regular
new_loy_kc_oleth_reg,1,Kohl's Online Enthusiast,New Customer,Loyalist,Kohl's Charge,Kohl's Online Enthusiast,m_2,v155,Kohl's Online Enthusiast_New Customer_Loyalist_Kohl's Charge_regular
new_loy_kc_missex_reg,1,Misses Exclusive,New Customer,Loyalist,Kohl's Charge,Misses Exclusive,m_2,v156,Misses Exclusive_New Customer_Loyalist_Kohl's Charge_regular
new_loy_kc_ocbb_reg,1,Occasional Big Basket,New Customer,Loyalist,Kohl's Charge,Occasional Big Basket,m_2,v157,Occasional Big Basket_New Customer_Loyalist_Kohl's Charge_regular
new_loy_kc_odis_reg,1,One and Done In-Store,New Customer,Loyalist,Kohl's Charge,One and Done In-Store,m_2,v158,One and Done In-Store_New Customer_Loyalist_Kohl's Charge_regular
new_loy_kc_odol_reg,1,One and Done Online,New Customer,Loyalist,Kohl's Charge,One and Done Online,m_2,v159,One and Done Online_New Customer_Loyalist_Kohl's Charge_regular
ex_nloy_nkc_other_final,1,Sales - Other,Existing Customer,Non Loyalist,Non Kohl's Charge,Sales - Other,m_1,v160,Sales - Other_Existing Customer_Non Loyalist_Non Kohl's Charge_final
ex_nloy_nkc_dcp_final,1,Discount Cherry Picker,Existing Customer,Non Loyalist,Non Kohl's Charge,Discount Cherry Picker,m_1,v161,Discount Cherry Picker_Existing Customer_Non Loyalist_Non Kohl's Charge_final
ex_nloy_nkc_fsloy_final,1,Kohl's Full Store Loyalist,Existing Customer,Non Loyalist,Non Kohl's Charge,Kohl's Full Store Loyalist,m_1,v162,Kohl's Full Store Loyalist_Existing Customer_Non Loyalist_Non Kohl's Charge_final
ex_nloy_nkc_iseth_final,1,Kohl's In-Store Enthusiast,Existing Customer,Non Loyalist,Non Kohl's Charge,Kohl's In-Store Enthusiast,m_1,v163,Kohl's In-Store Enthusiast_Existing Customer_Non Loyalist_Non Kohl's Charge_final
ex_nloy_nkc_kids_final,1,Kohl's Kids,Existing Customer,Non Loyalist,Non Kohl's Charge,Kohl's Kids,m_1,v164,Kohl's Kids_Existing Customer_Non Loyalist_Non Kohl's Charge_final
ex_nloy_nkc_mens_final,1,Kohl's Mens,Existing Customer,Non Loyalist,Non Kohl's Charge,Kohl's Mens,m_1,v165,Kohl's Mens_Existing Customer_Non Loyalist_Non Kohl's Charge_final
ex_nloy_nkc_oleth_final,1,Kohl's Online Enthusiast,Existing Customer,Non Loyalist,Non Kohl's Charge,Kohl's Online Enthusiast,m_1,v166,Kohl's Online Enthusiast_Existing Customer_Non Loyalist_Non Kohl's Charge_final
ex_nloy_nkc_missex_final,1,Misses Exclusive,Existing Customer,Non Loyalist,Non Kohl's Charge,Misses Exclusive,m_1,v167,Misses Exclusive_Existing Customer_Non Loyalist_Non Kohl's Charge_final
ex_nloy_nkc_ocbb_final,1,Occasional Big Basket,Existing Customer,Non Loyalist,Non Kohl's Charge,Occasional Big Basket,m_1,v168,Occasional Big Basket_Existing Customer_Non Loyalist_Non Kohl's Charge_final
ex_nloy_nkc_odis_final,1,One and Done In-Store,Existing Customer,Non Loyalist,Non Kohl's Charge,One and Done In-Store,m_1,v169,One and Done In-Store_Existing Customer_Non Loyalist_Non Kohl's Charge_final
ex_nloy_nkc_odol_final,1,One and Done Online,Existing Customer,Non Loyalist,Non Kohl's Charge,One and Done Online,m_1,v170,One and Done Online_Existing Customer_Non Loyalist_Non Kohl's Charge_final
ex_nloy_kc_other_final,1,Sales - Other,Existing Customer,Non Loyalist,Kohl's Charge,Sales - Other,m_1,v171,Sales - Other_Existing Customer_Non Loyalist_Kohl's Charge_final
ex_nloy_kc_dcp_final,1,Discount Cherry Picker,Existing Customer,Non Loyalist,Kohl's Charge,Discount Cherry Picker,m_1,v172,Discount Cherry Picker_Existing Customer_Non Loyalist_Kohl's Charge_final
ex_nloy_kc_fsloy_final,1,Kohl's Full Store Loyalist,Existing Customer,Non Loyalist,Kohl's Charge,Kohl's Full Store Loyalist,m_1,v173,Kohl's Full Store Loyalist_Existing Customer_Non Loyalist_Kohl's Charge_final
ex_nloy_kc_iseth_final,1,Kohl's In-Store Enthusiast,Existing Customer,Non Loyalist,Kohl's Charge,Kohl's In-Store Enthusiast,m_1,v174,Kohl's In-Store Enthusiast_Existing Customer_Non Loyalist_Kohl's Charge_final
ex_nloy_kc_kids_final,1,Kohl's Kids,Existing Customer,Non Loyalist,Kohl's Charge,Kohl's Kids,m_1,v175,Kohl's Kids_Existing Customer_Non Loyalist_Kohl's Charge_final
ex_nloy_kc_mens_final,1,Kohl's Mens,Existing Customer,Non Loyalist,Kohl's Charge,Kohl's Mens,m_1,v176,Kohl's Mens_Existing Customer_Non Loyalist_Kohl's Charge_final
ex_nloy_kc_oleth_final,1,Kohl's Online Enthusiast,Existing Customer,Non Loyalist,Kohl's Charge,Kohl's Online Enthusiast,m_1,v177,Kohl's Online Enthusiast_Existing Customer_Non Loyalist_Kohl's Charge_final
ex_nloy_kc_missex_final,1,Misses Exclusive,Existing Customer,Non Loyalist,Kohl's Charge,Misses Exclusive,m_1,v178,Misses Exclusive_Existing Customer_Non Loyalist_Kohl's Charge_final
ex_nloy_kc_ocbb_final,1,Occasional Big Basket,Existing Customer,Non Loyalist,Kohl's Charge,Occasional Big Basket,m_1,v179,Occasional Big Basket_Existing Customer_Non Loyalist_Kohl's Charge_final
ex_nloy_kc_odis_final,1,One and Done In-Store,Existing Customer,Non Loyalist,Kohl's Charge,One and Done In-Store,m_1,v180,One and Done In-Store_Existing Customer_Non Loyalist_Kohl's Charge_final
ex_nloy_kc_odol_final,1,One and Done Online,Existing Customer,Non Loyalist,Kohl's Charge,One and Done Online,m_1,v181,One and Done Online_Existing Customer_Non Loyalist_Kohl's Charge_final
ex_loy_nkc_other_final,1,Sales - Other,Existing Customer,Loyalist,Non Kohl's Charge,Sales - Other,m_1,v182,Sales - Other_Existing Customer_Loyalist_Non Kohl's Charge_final
ex_loy_nkc_dcp_final,1,Discount Cherry Picker,Existing Customer,Loyalist,Non Kohl's Charge,Discount Cherry Picker,m_1,v183,Discount Cherry Picker_Existing Customer_Loyalist_Non Kohl's Charge_final
ex_loy_nkc_fsloy_final,1,Kohl's Full Store Loyalist,Existing Customer,Loyalist,Non Kohl's Charge,Kohl's Full Store Loyalist,m_1,v184,Kohl's Full Store Loyalist_Existing Customer_Loyalist_Non Kohl's Charge_final
ex_loy_nkc_iseth_final,1,Kohl's In-Store Enthusiast,Existing Customer,Loyalist,Non Kohl's Charge,Kohl's In-Store Enthusiast,m_1,v185,Kohl's In-Store Enthusiast_Existing Customer_Loyalist_Non Kohl's Charge_final
ex_loy_nkc_kids_final,1,Kohl's Kids,Existing Customer,Loyalist,Non Kohl's Charge,Kohl's Kids,m_1,v186,Kohl's Kids_Existing Customer_Loyalist_Non Kohl's Charge_final
ex_loy_nkc_mens_final,1,Kohl's Mens,Existing Customer,Loyalist,Non Kohl's Charge,Kohl's Mens,m_1,v187,Kohl's Mens_Existing Customer_Loyalist_Non Kohl's Charge_final
ex_loy_nkc_oleth_final,1,Kohl's Online Enthusiast,Existing Customer,Loyalist,Non Kohl's Charge,Kohl's Online Enthusiast,m_1,v188,Kohl's Online Enthusiast_Existing Customer_Loyalist_Non Kohl's Charge_final
ex_loy_nkc_missex_final,1,Misses Exclusive,Existing Customer,Loyalist,Non Kohl's Charge,Misses Exclusive,m_1,v189,Misses Exclusive_Existing Customer_Loyalist_Non Kohl's Charge_final
ex_loy_nkc_ocbb_final,1,Occasional Big Basket,Existing Customer,Loyalist,Non Kohl's Charge,Occasional Big Basket,m_1,v190,Occasional Big Basket_Existing Customer_Loyalist_Non Kohl's Charge_final
ex_loy_nkc_odis_final,1,One and Done In-Store,Existing Customer,Loyalist,Non Kohl's Charge,One and Done In-Store,m_1,v191,One and Done In-Store_Existing Customer_Loyalist_Non Kohl's Charge_final
ex_loy_nkc_odol_final,1,One and Done Online,Existing Customer,Loyalist,Non Kohl's Charge,One and Done Online,m_1,v192,One and Done Online_Existing Customer_Loyalist_Non Kohl's Charge_final
ex_loy_kc_other_final,1,Sales - Other,Existing Customer,Loyalist,Kohl's Charge,Sales - Other,m_1,v193,Sales - Other_Existing Customer_Loyalist_Kohl's Charge_final
ex_loy_kc_dcp_final,1,Discount Cherry Picker,Existing Customer,Loyalist,Kohl's Charge,Discount Cherry Picker,m_1,v194,Discount Cherry Picker_Existing Customer_Loyalist_Kohl's Charge_final
ex_loy_kc_fsloy_final,1,Kohl's Full Store Loyalist,Existing Customer,Loyalist,Kohl's Charge,Kohl's Full Store Loyalist,m_1,v195,Kohl's Full Store Loyalist_Existing Customer_Loyalist_Kohl's Charge_final
ex_loy_kc_iseth_final,1,Kohl's In-Store Enthusiast,Existing Customer,Loyalist,Kohl's Charge,Kohl's In-Store Enthusiast,m_1,v196,Kohl's In-Store Enthusiast_Existing Customer_Loyalist_Kohl's Charge_final
ex_loy_kc_kids_final,1,Kohl's Kids,Existing Customer,Loyalist,Kohl's Charge,Kohl's Kids,m_1,v197,Kohl's Kids_Existing Customer_Loyalist_Kohl's Charge_final
ex_loy_kc_mens_final,1,Kohl's Mens,Existing Customer,Loyalist,Kohl's Charge,Kohl's Mens,m_1,v198,Kohl's Mens_Existing Customer_Loyalist_Kohl's Charge_final
ex_loy_kc_oleth_final,1,Kohl's Online Enthusiast,Existing Customer,Loyalist,Kohl's Charge,Kohl's Online Enthusiast,m_1,v199,Kohl's Online Enthusiast_Existing Customer_Loyalist_Kohl's Charge_final
ex_loy_kc_missex_final,1,Misses Exclusive,Existing Customer,Loyalist,Kohl's Charge,Misses Exclusive,m_1,v200,Misses Exclusive_Existing Customer_Loyalist_Kohl's Charge_final
ex_loy_kc_ocbb_final,1,Occasional Big Basket,Existing Customer,Loyalist,Kohl's Charge,Occasional Big Basket,m_1,v201,Occasional Big Basket_Existing Customer_Loyalist_Kohl's Charge_final
ex_loy_kc_odis_final,1,One and Done In-Store,Existing Customer,Loyalist,Kohl's Charge,One and Done In-Store,m_1,v202,One and Done In-Store_Existing Customer_Loyalist_Kohl's Charge_final
ex_loy_kc_odol_final,1,One and Done Online,Existing Customer,Loyalist,Kohl's Charge,One and Done Online,m_1,v203,One and Done Online_Existing Customer_Loyalist_Kohl's Charge_final
new_nloy_nkc_other_final,1,Sales - Other,New Customer,Non Loyalist,Non Kohl's Charge,Sales - Other,m_1,v204,Sales - Other_New Customer_Non Loyalist_Non Kohl's Charge_final
new_nloy_nkc_dcp_final,1,Discount Cherry Picker,New Customer,Non Loyalist,Non Kohl's Charge,Discount Cherry Picker,m_1,v205,Discount Cherry Picker_New Customer_Non Loyalist_Non Kohl's Charge_final
new_nloy_nkc_fsloy_final,1,Kohl's Full Store Loyalist,New Customer,Non Loyalist,Non Kohl's Charge,Kohl's Full Store Loyalist,m_1,v206,Kohl's Full Store Loyalist_New Customer_Non Loyalist_Non Kohl's Charge_final
new_nloy_nkc_iseth_final,1,Kohl's In-Store Enthusiast,New Customer,Non Loyalist,Non Kohl's Charge,Kohl's In-Store Enthusiast,m_1,v207,Kohl's In-Store Enthusiast_New Customer_Non Loyalist_Non Kohl's Charge_final
new_nloy_nkc_kids_final,1,Kohl's Kids,New Customer,Non Loyalist,Non Kohl's Charge,Kohl's Kids,m_1,v208,Kohl's Kids_New Customer_Non Loyalist_Non Kohl's Charge_final
new_nloy_nkc_mens_final,1,Kohl's Mens,New Customer,Non Loyalist,Non Kohl's Charge,Kohl's Mens,m_1,v209,Kohl's Mens_New Customer_Non Loyalist_Non Kohl's Charge_final
new_nloy_nkc_oleth_final,1,Kohl's Online Enthusiast,New Customer,Non Loyalist,Non Kohl's Charge,Kohl's Online Enthusiast,m_1,v210,Kohl's Online Enthusiast_New Customer_Non Loyalist_Non Kohl's Charge_final
new_nloy_nkc_missex_final,1,Misses Exclusive,New Customer,Non Loyalist,Non Kohl's Charge,Misses Exclusive,m_1,v211,Misses Exclusive_New Customer_Non Loyalist_Non Kohl's Charge_final
new_nloy_nkc_ocbb_final,1,Occasional Big Basket,New Customer,Non Loyalist,Non Kohl's Charge,Occasional Big Basket,m_1,v212,Occasional Big Basket_New Customer_Non Loyalist_Non Kohl's Charge_final
new_nloy_nkc_odis_final,1,One and Done In-Store,New Customer,Non Loyalist,Non Kohl's Charge,One and Done In-Store,m_1,v213,One and Done In-Store_New Customer_Non Loyalist_Non Kohl's Charge_final
new_nloy_nkc_odol_final,1,One and Done Online,New Customer,Non Loyalist,Non Kohl's Charge,One and Done Online,m_1,v214,One and Done Online_New Customer_Non Loyalist_Non Kohl's Charge_final
new_nloy_kc_other_final,1,Sales - Other,New Customer,Non Loyalist,Kohl's Charge,Sales - Other,m_1,v215,Sales - Other_New Customer_Non Loyalist_Kohl's Charge_final
new_nloy_kc_dcp_final,1,Discount Cherry Picker,New Customer,Non Loyalist,Kohl's Charge,Discount Cherry Picker,m_1,v216,Discount Cherry Picker_New Customer_Non Loyalist_Kohl's Charge_final
new_nloy_kc_fsloy_final,1,Kohl's Full Store Loyalist,New Customer,Non Loyalist,Kohl's Charge,Kohl's Full Store Loyalist,m_1,v217,Kohl's Full Store Loyalist_New Customer_Non Loyalist_Kohl's Charge_final
new_nloy_kc_iseth_final,1,Kohl's In-Store Enthusiast,New Customer,Non Loyalist,Kohl's Charge,Kohl's In-Store Enthusiast,m_1,v218,Kohl's In-Store Enthusiast_New Customer_Non Loyalist_Kohl's Charge_final
new_nloy_kc_kids_final,1,Kohl's Kids,New Customer,Non Loyalist,Kohl's Charge,Kohl's Kids,m_1,v219,Kohl's Kids_New Customer_Non Loyalist_Kohl's Charge_final
new_nloy_kc_mens_final,1,Kohl's Mens,New Customer,Non Loyalist,Kohl's Charge,Kohl's Mens,m_1,v220,Kohl's Mens_New Customer_Non Loyalist_Kohl's Charge_final
new_nloy_kc_oleth_final,1,Kohl's Online Enthusiast,New Customer,Non Loyalist,Kohl's Charge,Kohl's Online Enthusiast,m_1,v221,Kohl's Online Enthusiast_New Customer_Non Loyalist_Kohl's Charge_final
new_nloy_kc_missex_final,1,Misses Exclusive,New Customer,Non Loyalist,Kohl's Charge,Misses Exclusive,m_1,v222,Misses Exclusive_New Customer_Non Loyalist_Kohl's Charge_final
new_nloy_kc_ocbb_final,1,Occasional Big Basket,New Customer,Non Loyalist,Kohl's Charge,Occasional Big Basket,m_1,v223,Occasional Big Basket_New Customer_Non Loyalist_Kohl's Charge_final
new_nloy_kc_odis_final,1,One and Done In-Store,New Customer,Non Loyalist,Kohl's Charge,One and Done In-Store,m_1,v224,One and Done In-Store_New Customer_Non Loyalist_Kohl's Charge_final
new_nloy_kc_odol_final,1,One and Done Online,New Customer,Non Loyalist,Kohl's Charge,One and Done Online,m_1,v225,One and Done Online_New Customer_Non Loyalist_Kohl's Charge_final
new_loy_nkc_other_final,1,Sales - Other,New Customer,Loyalist,Non Kohl's Charge,Sales - Other,m_1,v226,Sales - Other_New Customer_Loyalist_Non Kohl's Charge_final
new_loy_nkc_dcp_final,1,Discount Cherry Picker,New Customer,Loyalist,Non Kohl's Charge,Discount Cherry Picker,m_1,v227,Discount Cherry Picker_New Customer_Loyalist_Non Kohl's Charge_final
new_loy_nkc_fsloy_final,1,Kohl's Full Store Loyalist,New Customer,Loyalist,Non Kohl's Charge,Kohl's Full Store Loyalist,m_1,v228,Kohl's Full Store Loyalist_New Customer_Loyalist_Non Kohl's Charge_final
new_loy_nkc_iseth_final,1,Kohl's In-Store Enthusiast,New Customer,Loyalist,Non Kohl's Charge,Kohl's In-Store Enthusiast,m_1,v229,Kohl's In-Store Enthusiast_New Customer_Loyalist_Non Kohl's Charge_final
new_loy_nkc_kids_final,1,Kohl's Kids,New Customer,Loyalist,Non Kohl's Charge,Kohl's Kids,m_1,v230,Kohl's Kids_New Customer_Loyalist_Non Kohl's Charge_final
new_loy_nkc_mens_final,1,Kohl's Mens,New Customer,Loyalist,Non Kohl's Charge,Kohl's Mens,m_1,v231,Kohl's Mens_New Customer_Loyalist_Non Kohl's Charge_final
new_loy_nkc_oleth_final,1,Kohl's Online Enthusiast,New Customer,Loyalist,Non Kohl's Charge,Kohl's Online Enthusiast,m_1,v232,Kohl's Online Enthusiast_New Customer_Loyalist_Non Kohl's Charge_final
new_loy_nkc_missex_final,1,Misses Exclusive,New Customer,Loyalist,Non Kohl's Charge,Misses Exclusive,m_1,v233,Misses Exclusive_New Customer_Loyalist_Non Kohl's Charge_final
new_loy_nkc_ocbb_final,1,Occasional Big Basket,New Customer,Loyalist,Non Kohl's Charge,Occasional Big Basket,m_1,v234,Occasional Big Basket_New Customer_Loyalist_Non Kohl's Charge_final
new_loy_nkc_odis_final,1,One and Done In-Store,New Customer,Loyalist,Non Kohl's Charge,One and Done In-Store,m_1,v235,One and Done In-Store_New Customer_Loyalist_Non Kohl's Charge_final
new_loy_nkc_odol_final,1,One and Done Online,New Customer,Loyalist,Non Kohl's Charge,One and Done Online,m_1,v236,One and Done Online_New Customer_Loyalist_Non Kohl's Charge_final
new_loy_kc_other_final,1,Sales - Other,New Customer,Loyalist,Kohl's Charge,Sales - Other,m_1,v237,Sales - Other_New Customer_Loyalist_Kohl's Charge_final
new_loy_kc_dcp_final,1,Discount Cherry Picker,New Customer,Loyalist,Kohl's Charge,Discount Cherry Picker,m_1,v238,Discount Cherry Picker_New Customer_Loyalist_Kohl's Charge_final
new_loy_kc_fsloy_final,1,Kohl's Full Store Loyalist,New Customer,Loyalist,Kohl's Charge,Kohl's Full Store Loyalist,m_1,v239,Kohl's Full Store Loyalist_New Customer_Loyalist_Kohl's Charge_final
new_loy_kc_iseth_final,1,Kohl's In-Store Enthusiast,New Customer,Loyalist,Kohl's Charge,Kohl's In-Store Enthusiast,m_1,v240,Kohl's In-Store Enthusiast_New Customer_Loyalist_Kohl's Charge_final
new_loy_kc_kids_final,1,Kohl's Kids,New Customer,Loyalist,Kohl's Charge,Kohl's Kids,m_1,v241,Kohl's Kids_New Customer_Loyalist_Kohl's Charge_final
new_loy_kc_mens_final,1,Kohl's Mens,New Customer,Loyalist,Kohl's Charge,Kohl's Mens,m_1,v242,Kohl's Mens_New Customer_Loyalist_Kohl's Charge_final
new_loy_kc_oleth_final,1,Kohl's Online Enthusiast,New Customer,Loyalist,Kohl's Charge,Kohl's Online Enthusiast,m_1,v243,Kohl's Online Enthusiast_New Customer_Loyalist_Kohl's Charge_final
new_loy_kc_missex_final,1,Misses Exclusive,New Customer,Loyalist,Kohl's Charge,Misses Exclusive,m_1,v244,Misses Exclusive_New Customer_Loyalist_Kohl's Charge_final
new_loy_kc_ocbb_final,1,Occasional Big Basket,New Customer,Loyalist,Kohl's Charge,Occasional Big Basket,m_1,v245,Occasional Big Basket_New Customer_Loyalist_Kohl's Charge_final
new_loy_kc_odis_final,1,One and Done In-Store,New Customer,Loyalist,Kohl's Charge,One and Done In-Store,m_1,v246,One and Done In-Store_New Customer_Loyalist_Kohl's Charge_final
new_loy_kc_odol_final,1,One and Done Online,New Customer,Loyalist,Kohl's Charge,One and Done Online,m_1,v247,One and Done Online_New Customer_Loyalist_Kohl's Charge_final
ex_nloy_nkc_other_units,1,Sales - Other,Existing Customer,Non Loyalist,Non Kohl's Charge,Sales - Other,m_3,v248,Sales - Other_Existing Customer_Non Loyalist_Non Kohl's Charge_units
ex_nloy_nkc_dcp_units,1,Discount Cherry Picker,Existing Customer,Non Loyalist,Non Kohl's Charge,Discount Cherry Picker,m_3,v249,Discount Cherry Picker_Existing Customer_Non Loyalist_Non Kohl's Charge_units
ex_nloy_nkc_fsloy_units,1,Kohl's Full Store Loyalist,Existing Customer,Non Loyalist,Non Kohl's Charge,Kohl's Full Store Loyalist,m_3,v250,Kohl's Full Store Loyalist_Existing Customer_Non Loyalist_Non Kohl's Charge_units
ex_nloy_nkc_iseth_units,1,Kohl's In-Store Enthusiast,Existing Customer,Non Loyalist,Non Kohl's Charge,Kohl's In-Store Enthusiast,m_3,v251,Kohl's In-Store Enthusiast_Existing Customer_Non Loyalist_Non Kohl's Charge_units
ex_nloy_nkc_kids_units,1,Kohl's Kids,Existing Customer,Non Loyalist,Non Kohl's Charge,Kohl's Kids,m_3,v252,Kohl's Kids_Existing Customer_Non Loyalist_Non Kohl's Charge_units
ex_nloy_nkc_mens_units,1,Kohl's Mens,Existing Customer,Non Loyalist,Non Kohl's Charge,Kohl's Mens,m_3,v253,Kohl's Mens_Existing Customer_Non Loyalist_Non Kohl's Charge_units
ex_nloy_nkc_oleth_units,1,Kohl's Online Enthusiast,Existing Customer,Non Loyalist,Non Kohl's Charge,Kohl's Online Enthusiast,m_3,v254,Kohl's Online Enthusiast_Existing Customer_Non Loyalist_Non Kohl's Charge_units
ex_nloy_nkc_missex_units,1,Misses Exclusive,Existing Customer,Non Loyalist,Non Kohl's Charge,Misses Exclusive,m_3,v255,Misses Exclusive_Existing Customer_Non Loyalist_Non Kohl's Charge_units
ex_nloy_nkc_ocbb_units,1,Occasional Big Basket,Existing Customer,Non Loyalist,Non Kohl's Charge,Occasional Big Basket,m_3,v256,Occasional Big Basket_Existing Customer_Non Loyalist_Non Kohl's Charge_units
ex_nloy_nkc_odis_units,1,One and Done In-Store,Existing Customer,Non Loyalist,Non Kohl's Charge,One and Done In-Store,m_3,v257,One and Done In-Store_Existing Customer_Non Loyalist_Non Kohl's Charge_units
ex_nloy_nkc_odol_units,1,One and Done Online,Existing Customer,Non Loyalist,Non Kohl's Charge,One and Done Online,m_3,v258,One and Done Online_Existing Customer_Non Loyalist_Non Kohl's Charge_units
ex_nloy_kc_other_units,1,Sales - Other,Existing Customer,Non Loyalist,Kohl's Charge,Sales - Other,m_3,v259,Sales - Other_Existing Customer_Non Loyalist_Kohl's Charge_units
ex_nloy_kc_dcp_units,1,Discount Cherry Picker,Existing Customer,Non Loyalist,Kohl's Charge,Discount Cherry Picker,m_3,v260,Discount Cherry Picker_Existing Customer_Non Loyalist_Kohl's Charge_units
ex_nloy_kc_fsloy_units,1,Kohl's Full Store Loyalist,Existing Customer,Non Loyalist,Kohl's Charge,Kohl's Full Store Loyalist,m_3,v261,Kohl's Full Store Loyalist_Existing Customer_Non Loyalist_Kohl's Charge_units
ex_nloy_kc_iseth_units,1,Kohl's In-Store Enthusiast,Existing Customer,Non Loyalist,Kohl's Charge,Kohl's In-Store Enthusiast,m_3,v262,Kohl's In-Store Enthusiast_Existing Customer_Non Loyalist_Kohl's Charge_units
ex_nloy_kc_kids_units,1,Kohl's Kids,Existing Customer,Non Loyalist,Kohl's Charge,Kohl's Kids,m_3,v263,Kohl's Kids_Existing Customer_Non Loyalist_Kohl's Charge_units
ex_nloy_kc_mens_units,1,Kohl's Mens,Existing Customer,Non Loyalist,Kohl's Charge,Kohl's Mens,m_3,v264,Kohl's Mens_Existing Customer_Non Loyalist_Kohl's Charge_units
ex_nloy_kc_oleth_units,1,Kohl's Online Enthusiast,Existing Customer,Non Loyalist,Kohl's Charge,Kohl's Online Enthusiast,m_3,v265,Kohl's Online Enthusiast_Existing Customer_Non Loyalist_Kohl's Charge_units
ex_nloy_kc_missex_units,1,Misses Exclusive,Existing Customer,Non Loyalist,Kohl's Charge,Misses Exclusive,m_3,v266,Misses Exclusive_Existing Customer_Non Loyalist_Kohl's Charge_units
ex_nloy_kc_ocbb_units,1,Occasional Big Basket,Existing Customer,Non Loyalist,Kohl's Charge,Occasional Big Basket,m_3,v267,Occasional Big Basket_Existing Customer_Non Loyalist_Kohl's Charge_units
ex_nloy_kc_odis_units,1,One and Done In-Store,Existing Customer,Non Loyalist,Kohl's Charge,One and Done In-Store,m_3,v268,One and Done In-Store_Existing Customer_Non Loyalist_Kohl's Charge_units
ex_nloy_kc_odol_units,1,One and Done Online,Existing Customer,Non Loyalist,Kohl's Charge,One and Done Online,m_3,v269,One and Done Online_Existing Customer_Non Loyalist_Kohl's Charge_units
ex_loy_nkc_other_units,1,Sales - Other,Existing Customer,Loyalist,Non Kohl's Charge,Sales - Other,m_3,v270,Sales - Other_Existing Customer_Loyalist_Non Kohl's Charge_units
ex_loy_nkc_dcp_units,1,Discount Cherry Picker,Existing Customer,Loyalist,Non Kohl's Charge,Discount Cherry Picker,m_3,v271,Discount Cherry Picker_Existing Customer_Loyalist_Non Kohl's Charge_units
ex_loy_nkc_fsloy_units,1,Kohl's Full Store Loyalist,Existing Customer,Loyalist,Non Kohl's Charge,Kohl's Full Store Loyalist,m_3,v272,Kohl's Full Store Loyalist_Existing Customer_Loyalist_Non Kohl's Charge_units
ex_loy_nkc_iseth_units,1,Kohl's In-Store Enthusiast,Existing Customer,Loyalist,Non Kohl's Charge,Kohl's In-Store Enthusiast,m_3,v273,Kohl's In-Store Enthusiast_Existing Customer_Loyalist_Non Kohl's Charge_units
ex_loy_nkc_kids_units,1,Kohl's Kids,Existing Customer,Loyalist,Non Kohl's Charge,Kohl's Kids,m_3,v274,Kohl's Kids_Existing Customer_Loyalist_Non Kohl's Charge_units
ex_loy_nkc_mens_units,1,Kohl's Mens,Existing Customer,Loyalist,Non Kohl's Charge,Kohl's Mens,m_3,v275,Kohl's Mens_Existing Customer_Loyalist_Non Kohl's Charge_units
ex_loy_nkc_oleth_units,1,Kohl's Online Enthusiast,Existing Customer,Loyalist,Non Kohl's Charge,Kohl's Online Enthusiast,m_3,v276,Kohl's Online Enthusiast_Existing Customer_Loyalist_Non Kohl's Charge_units
ex_loy_nkc_missex_units,1,Misses Exclusive,Existing Customer,Loyalist,Non Kohl's Charge,Misses Exclusive,m_3,v277,Misses Exclusive_Existing Customer_Loyalist_Non Kohl's Charge_units
ex_loy_nkc_ocbb_units,1,Occasional Big Basket,Existing Customer,Loyalist,Non Kohl's Charge,Occasional Big Basket,m_3,v278,Occasional Big Basket_Existing Customer_Loyalist_Non Kohl's Charge_units
ex_loy_nkc_odis_units,1,One and Done In-Store,Existing Customer,Loyalist,Non Kohl's Charge,One and Done In-Store,m_3,v279,One and Done In-Store_Existing Customer_Loyalist_Non Kohl's Charge_units
ex_loy_nkc_odol_units,1,One and Done Online,Existing Customer,Loyalist,Non Kohl's Charge,One and Done Online,m_3,v280,One and Done Online_Existing Customer_Loyalist_Non Kohl's Charge_units
ex_loy_kc_other_units,1,Sales - Other,Existing Customer,Loyalist,Kohl's Charge,Sales - Other,m_3,v281,Sales - Other_Existing Customer_Loyalist_Kohl's Charge_units
ex_loy_kc_dcp_units,1,Discount Cherry Picker,Existing Customer,Loyalist,Kohl's Charge,Discount Cherry Picker,m_3,v282,Discount Cherry Picker_Existing Customer_Loyalist_Kohl's Charge_units
ex_loy_kc_fsloy_units,1,Kohl's Full Store Loyalist,Existing Customer,Loyalist,Kohl's Charge,Kohl's Full Store Loyalist,m_3,v283,Kohl's Full Store Loyalist_Existing Customer_Loyalist_Kohl's Charge_units
ex_loy_kc_iseth_units,1,Kohl's In-Store Enthusiast,Existing Customer,Loyalist,Kohl's Charge,Kohl's In-Store Enthusiast,m_3,v284,Kohl's In-Store Enthusiast_Existing Customer_Loyalist_Kohl's Charge_units
ex_loy_kc_kids_units,1,Kohl's Kids,Existing Customer,Loyalist,Kohl's Charge,Kohl's Kids,m_3,v285,Kohl's Kids_Existing Customer_Loyalist_Kohl's Charge_units
ex_loy_kc_mens_units,1,Kohl's Mens,Existing Customer,Loyalist,Kohl's Charge,Kohl's Mens,m_3,v286,Kohl's Mens_Existing Customer_Loyalist_Kohl's Charge_units
ex_loy_kc_oleth_units,1,Kohl's Online Enthusiast,Existing Customer,Loyalist,Kohl's Charge,Kohl's Online Enthusiast,m_3,v287,Kohl's Online Enthusiast_Existing Customer_Loyalist_Kohl's Charge_units
ex_loy_kc_missex_units,1,Misses Exclusive,Existing Customer,Loyalist,Kohl's Charge,Misses Exclusive,m_3,v288,Misses Exclusive_Existing Customer_Loyalist_Kohl's Charge_units
ex_loy_kc_ocbb_units,1,Occasional Big Basket,Existing Customer,Loyalist,Kohl's Charge,Occasional Big Basket,m_3,v289,Occasional Big Basket_Existing Customer_Loyalist_Kohl's Charge_units
ex_loy_kc_odis_units,1,One and Done In-Store,Existing Customer,Loyalist,Kohl's Charge,One and Done In-Store,m_3,v290,One and Done In-Store_Existing Customer_Loyalist_Kohl's Charge_units
ex_loy_kc_odol_units,1,One and Done Online,Existing Customer,Loyalist,Kohl's Charge,One and Done Online,m_3,v291,One and Done Online_Existing Customer_Loyalist_Kohl's Charge_units
new_nloy_nkc_other_units,1,Sales - Other,New Customer,Non Loyalist,Non Kohl's Charge,Sales - Other,m_3,v292,Sales - Other_New Customer_Non Loyalist_Non Kohl's Charge_units
new_nloy_nkc_dcp_units,1,Discount Cherry Picker,New Customer,Non Loyalist,Non Kohl's Charge,Discount Cherry Picker,m_3,v293,Discount Cherry Picker_New Customer_Non Loyalist_Non Kohl's Charge_units
new_nloy_nkc_fsloy_units,1,Kohl's Full Store Loyalist,New Customer,Non Loyalist,Non Kohl's Charge,Kohl's Full Store Loyalist,m_3,v294,Kohl's Full Store Loyalist_New Customer_Non Loyalist_Non Kohl's Charge_units
new_nloy_nkc_iseth_units,1,Kohl's In-Store Enthusiast,New Customer,Non Loyalist,Non Kohl's Charge,Kohl's In-Store Enthusiast,m_3,v295,Kohl's In-Store Enthusiast_New Customer_Non Loyalist_Non Kohl's Charge_units
new_nloy_nkc_kids_units,1,Kohl's Kids,New Customer,Non Loyalist,Non Kohl's Charge,Kohl's Kids,m_3,v296,Kohl's Kids_New Customer_Non Loyalist_Non Kohl's Charge_units
new_nloy_nkc_mens_units,1,Kohl's Mens,New Customer,Non Loyalist,Non Kohl's Charge,Kohl's Mens,m_3,v297,Kohl's Mens_New Customer_Non Loyalist_Non Kohl's Charge_units
new_nloy_nkc_oleth_units,1,Kohl's Online Enthusiast,New Customer,Non Loyalist,Non Kohl's Charge,Kohl's Online Enthusiast,m_3,v298,Kohl's Online Enthusiast_New Customer_Non Loyalist_Non Kohl's Charge_units
new_nloy_nkc_missex_units,1,Misses Exclusive,New Customer,Non Loyalist,Non Kohl's Charge,Misses Exclusive,m_3,v299,Misses Exclusive_New Customer_Non Loyalist_Non Kohl's Charge_units
new_nloy_nkc_ocbb_units,1,Occasional Big Basket,New Customer,Non Loyalist,Non Kohl's Charge,Occasional Big Basket,m_3,v300,Occasional Big Basket_New Customer_Non Loyalist_Non Kohl's Charge_units
new_nloy_nkc_odis_units,1,One and Done In-Store,New Customer,Non Loyalist,Non Kohl's Charge,One and Done In-Store,m_3,v301,One and Done In-Store_New Customer_Non Loyalist_Non Kohl's Charge_units
new_nloy_nkc_odol_units,1,One and Done Online,New Customer,Non Loyalist,Non Kohl's Charge,One and Done Online,m_3,v302,One and Done Online_New Customer_Non Loyalist_Non Kohl's Charge_units
new_nloy_kc_other_units,1,Sales - Other,New Customer,Non Loyalist,Kohl's Charge,Sales - Other,m_3,v303,Sales - Other_New Customer_Non Loyalist_Kohl's Charge_units
new_nloy_kc_dcp_units,1,Discount Cherry Picker,New Customer,Non Loyalist,Kohl's Charge,Discount Cherry Picker,m_3,v304,Discount Cherry Picker_New Customer_Non Loyalist_Kohl's Charge_units
new_nloy_kc_fsloy_units,1,Kohl's Full Store Loyalist,New Customer,Non Loyalist,Kohl's Charge,Kohl's Full Store Loyalist,m_3,v305,Kohl's Full Store Loyalist_New Customer_Non Loyalist_Kohl's Charge_units
new_nloy_kc_iseth_units,1,Kohl's In-Store Enthusiast,New Customer,Non Loyalist,Kohl's Charge,Kohl's In-Store Enthusiast,m_3,v306,Kohl's In-Store Enthusiast_New Customer_Non Loyalist_Kohl's Charge_units
new_nloy_kc_kids_units,1,Kohl's Kids,New Customer,Non Loyalist,Kohl's Charge,Kohl's Kids,m_3,v307,Kohl's Kids_New Customer_Non Loyalist_Kohl's Charge_units
new_nloy_kc_mens_units,1,Kohl's Mens,New Customer,Non Loyalist,Kohl's Charge,Kohl's Mens,m_3,v308,Kohl's Mens_New Customer_Non Loyalist_Kohl's Charge_units
new_nloy_kc_oleth_units,1,Kohl's Online Enthusiast,New Customer,Non Loyalist,Kohl's Charge,Kohl's Online Enthusiast,m_3,v309,Kohl's Online Enthusiast_New Customer_Non Loyalist_Kohl's Charge_units
new_nloy_kc_missex_units,1,Misses Exclusive,New Customer,Non Loyalist,Kohl's Charge,Misses Exclusive,m_3,v310,Misses Exclusive_New Customer_Non Loyalist_Kohl's Charge_units
new_nloy_kc_ocbb_units,1,Occasional Big Basket,New Customer,Non Loyalist,Kohl's Charge,Occasional Big Basket,m_3,v311,Occasional Big Basket_New Customer_Non Loyalist_Kohl's Charge_units
new_nloy_kc_odis_units,1,One and Done In-Store,New Customer,Non Loyalist,Kohl's Charge,One and Done In-Store,m_3,v312,One and Done In-Store_New Customer_Non Loyalist_Kohl's Charge_units
new_nloy_kc_odol_units,1,One and Done Online,New Customer,Non Loyalist,Kohl's Charge,One and Done Online,m_3,v313,One and Done Online_New Customer_Non Loyalist_Kohl's Charge_units
new_loy_nkc_other_units,1,Sales - Other,New Customer,Loyalist,Non Kohl's Charge,Sales - Other,m_3,v314,Sales - Other_New Customer_Loyalist_Non Kohl's Charge_units
new_loy_nkc_dcp_units,1,Discount Cherry Picker,New Customer,Loyalist,Non Kohl's Charge,Discount Cherry Picker,m_3,v315,Discount Cherry Picker_New Customer_Loyalist_Non Kohl's Charge_units
new_loy_nkc_fsloy_units,1,Kohl's Full Store Loyalist,New Customer,Loyalist,Non Kohl's Charge,Kohl's Full Store Loyalist,m_3,v316,Kohl's Full Store Loyalist_New Customer_Loyalist_Non Kohl's Charge_units
new_loy_nkc_iseth_units,1,Kohl's In-Store Enthusiast,New Customer,Loyalist,Non Kohl's Charge,Kohl's In-Store Enthusiast,m_3,v317,Kohl's In-Store Enthusiast_New Customer_Loyalist_Non Kohl's Charge_units
new_loy_nkc_kids_units,1,Kohl's Kids,New Customer,Loyalist,Non Kohl's Charge,Kohl's Kids,m_3,v318,Kohl's Kids_New Customer_Loyalist_Non Kohl's Charge_units
new_loy_nkc_mens_units,1,Kohl's Mens,New Customer,Loyalist,Non Kohl's Charge,Kohl's Mens,m_3,v319,Kohl's Mens_New Customer_Loyalist_Non Kohl's Charge_units
new_loy_nkc_oleth_units,1,Kohl's Online Enthusiast,New Customer,Loyalist,Non Kohl's Charge,Kohl's Online Enthusiast,m_3,v320,Kohl's Online Enthusiast_New Customer_Loyalist_Non Kohl's Charge_units
new_loy_nkc_missex_units,1,Misses Exclusive,New Customer,Loyalist,Non Kohl's Charge,Misses Exclusive,m_3,v321,Misses Exclusive_New Customer_Loyalist_Non Kohl's Charge_units
new_loy_nkc_ocbb_units,1,Occasional Big Basket,New Customer,Loyalist,Non Kohl's Charge,Occasional Big Basket,m_3,v322,Occasional Big Basket_New Customer_Loyalist_Non Kohl's Charge_units
new_loy_nkc_odis_units,1,One and Done In-Store,New Customer,Loyalist,Non Kohl's Charge,One and Done In-Store,m_3,v323,One and Done In-Store_New Customer_Loyalist_Non Kohl's Charge_units
new_loy_nkc_odol_units,1,One and Done Online,New Customer,Loyalist,Non Kohl's Charge,One and Done Online,m_3,v324,One and Done Online_New Customer_Loyalist_Non Kohl's Charge_units
new_loy_kc_other_units,1,Sales - Other,New Customer,Loyalist,Kohl's Charge,Sales - Other,m_3,v325,Sales - Other_New Customer_Loyalist_Kohl's Charge_units
new_loy_kc_dcp_units,1,Discount Cherry Picker,New Customer,Loyalist,Kohl's Charge,Discount Cherry Picker,m_3,v326,Discount Cherry Picker_New Customer_Loyalist_Kohl's Charge_units
new_loy_kc_fsloy_units,1,Kohl's Full Store Loyalist,New Customer,Loyalist,Kohl's Charge,Kohl's Full Store Loyalist,m_3,v327,Kohl's Full Store Loyalist_New Customer_Loyalist_Kohl's Charge_units
new_loy_kc_iseth_units,1,Kohl's In-Store Enthusiast,New Customer,Loyalist,Kohl's Charge,Kohl's In-Store Enthusiast,m_3,v328,Kohl's In-Store Enthusiast_New Customer_Loyalist_Kohl's Charge_units
new_loy_kc_kids_units,1,Kohl's Kids,New Customer,Loyalist,Kohl's Charge,Kohl's Kids,m_3,v329,Kohl's Kids_New Customer_Loyalist_Kohl's Charge_units
new_loy_kc_mens_units,1,Kohl's Mens,New Customer,Loyalist,Kohl's Charge,Kohl's Mens,m_3,v330,Kohl's Mens_New Customer_Loyalist_Kohl's Charge_units
new_loy_kc_oleth_units,1,Kohl's Online Enthusiast,New Customer,Loyalist,Kohl's Charge,Kohl's Online Enthusiast,m_3,v331,Kohl's Online Enthusiast_New Customer_Loyalist_Kohl's Charge_units
new_loy_kc_missex_units,1,Misses Exclusive,New Customer,Loyalist,Kohl's Charge,Misses Exclusive,m_3,v332,Misses Exclusive_New Customer_Loyalist_Kohl's Charge_units
new_loy_kc_ocbb_units,1,Occasional Big Basket,New Customer,Loyalist,Kohl's Charge,Occasional Big Basket,m_3,v333,Occasional Big Basket_New Customer_Loyalist_Kohl's Charge_units
new_loy_kc_odis_units,1,One and Done In-Store,New Customer,Loyalist,Kohl's Charge,One and Done In-Store,m_3,v334,One and Done In-Store_New Customer_Loyalist_Kohl's Charge_units
new_loy_kc_odol_units,1,One and Done Online,New Customer,Loyalist,Kohl's Charge,One and Done Online,m_3,v335,One and Done Online_New Customer_Loyalist_Kohl's Charge_units
ex_nloy_nkc_other_trans,1,Sales - Other,Existing Customer,Non Loyalist,Non Kohl's Charge,Sales - Other,m_4,v336,Sales - Other_Existing Customer_Non Loyalist_Non Kohl's Charge_trans
ex_nloy_nkc_dcp_trans,1,Discount Cherry Picker,Existing Customer,Non Loyalist,Non Kohl's Charge,Discount Cherry Picker,m_4,v337,Discount Cherry Picker_Existing Customer_Non Loyalist_Non Kohl's Charge_trans
ex_nloy_nkc_fsloy_trans,1,Kohl's Full Store Loyalist,Existing Customer,Non Loyalist,Non Kohl's Charge,Kohl's Full Store Loyalist,m_4,v338,Kohl's Full Store Loyalist_Existing Customer_Non Loyalist_Non Kohl's Charge_trans
ex_nloy_nkc_iseth_trans,1,Kohl's In-Store Enthusiast,Existing Customer,Non Loyalist,Non Kohl's Charge,Kohl's In-Store Enthusiast,m_4,v339,Kohl's In-Store Enthusiast_Existing Customer_Non Loyalist_Non Kohl's Charge_trans
ex_nloy_nkc_kids_trans,1,Kohl's Kids,Existing Customer,Non Loyalist,Non Kohl's Charge,Kohl's Kids,m_4,v340,Kohl's Kids_Existing Customer_Non Loyalist_Non Kohl's Charge_trans
ex_nloy_nkc_mens_trans,1,Kohl's Mens,Existing Customer,Non Loyalist,Non Kohl's Charge,Kohl's Mens,m_4,v341,Kohl's Mens_Existing Customer_Non Loyalist_Non Kohl's Charge_trans
ex_nloy_nkc_oleth_trans,1,Kohl's Online Enthusiast,Existing Customer,Non Loyalist,Non Kohl's Charge,Kohl's Online Enthusiast,m_4,v342,Kohl's Online Enthusiast_Existing Customer_Non Loyalist_Non Kohl's Charge_trans
ex_nloy_nkc_missex_trans,1,Misses Exclusive,Existing Customer,Non Loyalist,Non Kohl's Charge,Misses Exclusive,m_4,v343,Misses Exclusive_Existing Customer_Non Loyalist_Non Kohl's Charge_trans
ex_nloy_nkc_ocbb_trans,1,Occasional Big Basket,Existing Customer,Non Loyalist,Non Kohl's Charge,Occasional Big Basket,m_4,v344,Occasional Big Basket_Existing Customer_Non Loyalist_Non Kohl's Charge_trans
ex_nloy_nkc_odis_trans,1,One and Done In-Store,Existing Customer,Non Loyalist,Non Kohl's Charge,One and Done In-Store,m_4,v345,One and Done In-Store_Existing Customer_Non Loyalist_Non Kohl's Charge_trans
ex_nloy_nkc_odol_trans,1,One and Done Online,Existing Customer,Non Loyalist,Non Kohl's Charge,One and Done Online,m_4,v346,One and Done Online_Existing Customer_Non Loyalist_Non Kohl's Charge_trans
ex_nloy_kc_other_trans,1,Sales - Other,Existing Customer,Non Loyalist,Kohl's Charge,Sales - Other,m_4,v347,Sales - Other_Existing Customer_Non Loyalist_Kohl's Charge_trans
ex_nloy_kc_dcp_trans,1,Discount Cherry Picker,Existing Customer,Non Loyalist,Kohl's Charge,Discount Cherry Picker,m_4,v348,Discount Cherry Picker_Existing Customer_Non Loyalist_Kohl's Charge_trans
ex_nloy_kc_fsloy_trans,1,Kohl's Full Store Loyalist,Existing Customer,Non Loyalist,Kohl's Charge,Kohl's Full Store Loyalist,m_4,v349,Kohl's Full Store Loyalist_Existing Customer_Non Loyalist_Kohl's Charge_trans
ex_nloy_kc_iseth_trans,1,Kohl's In-Store Enthusiast,Existing Customer,Non Loyalist,Kohl's Charge,Kohl's In-Store Enthusiast,m_4,v350,Kohl's In-Store Enthusiast_Existing Customer_Non Loyalist_Kohl's Charge_trans
ex_nloy_kc_kids_trans,1,Kohl's Kids,Existing Customer,Non Loyalist,Kohl's Charge,Kohl's Kids,m_4,v351,Kohl's Kids_Existing Customer_Non Loyalist_Kohl's Charge_trans
ex_nloy_kc_mens_trans,1,Kohl's Mens,Existing Customer,Non Loyalist,Kohl's Charge,Kohl's Mens,m_4,v352,Kohl's Mens_Existing Customer_Non Loyalist_Kohl's Charge_trans
ex_nloy_kc_oleth_trans,1,Kohl's Online Enthusiast,Existing Customer,Non Loyalist,Kohl's Charge,Kohl's Online Enthusiast,m_4,v353,Kohl's Online Enthusiast_Existing Customer_Non Loyalist_Kohl's Charge_trans
ex_nloy_kc_missex_trans,1,Misses Exclusive,Existing Customer,Non Loyalist,Kohl's Charge,Misses Exclusive,m_4,v354,Misses Exclusive_Existing Customer_Non Loyalist_Kohl's Charge_trans
ex_nloy_kc_ocbb_trans,1,Occasional Big Basket,Existing Customer,Non Loyalist,Kohl's Charge,Occasional Big Basket,m_4,v355,Occasional Big Basket_Existing Customer_Non Loyalist_Kohl's Charge_trans
ex_nloy_kc_odis_trans,1,One and Done In-Store,Existing Customer,Non Loyalist,Kohl's Charge,One and Done In-Store,m_4,v356,One and Done In-Store_Existing Customer_Non Loyalist_Kohl's Charge_trans
ex_nloy_kc_odol_trans,1,One and Done Online,Existing Customer,Non Loyalist,Kohl's Charge,One and Done Online,m_4,v357,One and Done Online_Existing Customer_Non Loyalist_Kohl's Charge_trans
ex_loy_nkc_other_trans,1,Sales - Other,Existing Customer,Loyalist,Non Kohl's Charge,Sales - Other,m_4,v358,Sales - Other_Existing Customer_Loyalist_Non Kohl's Charge_trans
ex_loy_nkc_dcp_trans,1,Discount Cherry Picker,Existing Customer,Loyalist,Non Kohl's Charge,Discount Cherry Picker,m_4,v359,Discount Cherry Picker_Existing Customer_Loyalist_Non Kohl's Charge_trans
ex_loy_nkc_fsloy_trans,1,Kohl's Full Store Loyalist,Existing Customer,Loyalist,Non Kohl's Charge,Kohl's Full Store Loyalist,m_4,v360,Kohl's Full Store Loyalist_Existing Customer_Loyalist_Non Kohl's Charge_trans
ex_loy_nkc_iseth_trans,1,Kohl's In-Store Enthusiast,Existing Customer,Loyalist,Non Kohl's Charge,Kohl's In-Store Enthusiast,m_4,v361,Kohl's In-Store Enthusiast_Existing Customer_Loyalist_Non Kohl's Charge_trans
ex_loy_nkc_kids_trans,1,Kohl's Kids,Existing Customer,Loyalist,Non Kohl's Charge,Kohl's Kids,m_4,v362,Kohl's Kids_Existing Customer_Loyalist_Non Kohl's Charge_trans
ex_loy_nkc_mens_trans,1,Kohl's Mens,Existing Customer,Loyalist,Non Kohl's Charge,Kohl's Mens,m_4,v363,Kohl's Mens_Existing Customer_Loyalist_Non Kohl's Charge_trans
ex_loy_nkc_oleth_trans,1,Kohl's Online Enthusiast,Existing Customer,Loyalist,Non Kohl's Charge,Kohl's Online Enthusiast,m_4,v364,Kohl's Online Enthusiast_Existing Customer_Loyalist_Non Kohl's Charge_trans
ex_loy_nkc_missex_trans,1,Misses Exclusive,Existing Customer,Loyalist,Non Kohl's Charge,Misses Exclusive,m_4,v365,Misses Exclusive_Existing Customer_Loyalist_Non Kohl's Charge_trans
ex_loy_nkc_ocbb_trans,1,Occasional Big Basket,Existing Customer,Loyalist,Non Kohl's Charge,Occasional Big Basket,m_4,v366,Occasional Big Basket_Existing Customer_Loyalist_Non Kohl's Charge_trans
ex_loy_nkc_odis_trans,1,One and Done In-Store,Existing Customer,Loyalist,Non Kohl's Charge,One and Done In-Store,m_4,v367,One and Done In-Store_Existing Customer_Loyalist_Non Kohl's Charge_trans
ex_loy_nkc_odol_trans,1,One and Done Online,Existing Customer,Loyalist,Non Kohl's Charge,One and Done Online,m_4,v368,One and Done Online_Existing Customer_Loyalist_Non Kohl's Charge_trans
ex_loy_kc_other_trans,1,Sales - Other,Existing Customer,Loyalist,Kohl's Charge,Sales - Other,m_4,v369,Sales - Other_Existing Customer_Loyalist_Kohl's Charge_trans
ex_loy_kc_dcp_trans,1,Discount Cherry Picker,Existing Customer,Loyalist,Kohl's Charge,Discount Cherry Picker,m_4,v370,Discount Cherry Picker_Existing Customer_Loyalist_Kohl's Charge_trans
ex_loy_kc_fsloy_trans,1,Kohl's Full Store Loyalist,Existing Customer,Loyalist,Kohl's Charge,Kohl's Full Store Loyalist,m_4,v371,Kohl's Full Store Loyalist_Existing Customer_Loyalist_Kohl's Charge_trans
ex_loy_kc_iseth_trans,1,Kohl's In-Store Enthusiast,Existing Customer,Loyalist,Kohl's Charge,Kohl's In-Store Enthusiast,m_4,v372,Kohl's In-Store Enthusiast_Existing Customer_Loyalist_Kohl's Charge_trans
ex_loy_kc_kids_trans,1,Kohl's Kids,Existing Customer,Loyalist,Kohl's Charge,Kohl's Kids,m_4,v373,Kohl's Kids_Existing Customer_Loyalist_Kohl's Charge_trans
ex_loy_kc_mens_trans,1,Kohl's Mens,Existing Customer,Loyalist,Kohl's Charge,Kohl's Mens,m_4,v374,Kohl's Mens_Existing Customer_Loyalist_Kohl's Charge_trans
ex_loy_kc_oleth_trans,1,Kohl's Online Enthusiast,Existing Customer,Loyalist,Kohl's Charge,Kohl's Online Enthusiast,m_4,v375,Kohl's Online Enthusiast_Existing Customer_Loyalist_Kohl's Charge_trans
ex_loy_kc_missex_trans,1,Misses Exclusive,Existing Customer,Loyalist,Kohl's Charge,Misses Exclusive,m_4,v376,Misses Exclusive_Existing Customer_Loyalist_Kohl's Charge_trans
ex_loy_kc_ocbb_trans,1,Occasional Big Basket,Existing Customer,Loyalist,Kohl's Charge,Occasional Big Basket,m_4,v377,Occasional Big Basket_Existing Customer_Loyalist_Kohl's Charge_trans
ex_loy_kc_odis_trans,1,One and Done In-Store,Existing Customer,Loyalist,Kohl's Charge,One and Done In-Store,m_4,v378,One and Done In-Store_Existing Customer_Loyalist_Kohl's Charge_trans
ex_loy_kc_odol_trans,1,One and Done Online,Existing Customer,Loyalist,Kohl's Charge,One and Done Online,m_4,v379,One and Done Online_Existing Customer_Loyalist_Kohl's Charge_trans
new_nloy_nkc_other_trans,1,Sales - Other,New Customer,Non Loyalist,Non Kohl's Charge,Sales - Other,m_4,v380,Sales - Other_New Customer_Non Loyalist_Non Kohl's Charge_trans
new_nloy_nkc_dcp_trans,1,Discount Cherry Picker,New Customer,Non Loyalist,Non Kohl's Charge,Discount Cherry Picker,m_4,v381,Discount Cherry Picker_New Customer_Non Loyalist_Non Kohl's Charge_trans
new_nloy_nkc_fsloy_trans,1,Kohl's Full Store Loyalist,New Customer,Non Loyalist,Non Kohl's Charge,Kohl's Full Store Loyalist,m_4,v382,Kohl's Full Store Loyalist_New Customer_Non Loyalist_Non Kohl's Charge_trans
new_nloy_nkc_iseth_trans,1,Kohl's In-Store Enthusiast,New Customer,Non Loyalist,Non Kohl's Charge,Kohl's In-Store Enthusiast,m_4,v383,Kohl's In-Store Enthusiast_New Customer_Non Loyalist_Non Kohl's Charge_trans
new_nloy_nkc_kids_trans,1,Kohl's Kids,New Customer,Non Loyalist,Non Kohl's Charge,Kohl's Kids,m_4,v384,Kohl's Kids_New Customer_Non Loyalist_Non Kohl's Charge_trans
new_nloy_nkc_mens_trans,1,Kohl's Mens,New Customer,Non Loyalist,Non Kohl's Charge,Kohl's Mens,m_4,v385,Kohl's Mens_New Customer_Non Loyalist_Non Kohl's Charge_trans
new_nloy_nkc_oleth_trans,1,Kohl's Online Enthusiast,New Customer,Non Loyalist,Non Kohl's Charge,Kohl's Online Enthusiast,m_4,v386,Kohl's Online Enthusiast_New Customer_Non Loyalist_Non Kohl's Charge_trans
new_nloy_nkc_missex_trans,1,Misses Exclusive,New Customer,Non Loyalist,Non Kohl's Charge,Misses Exclusive,m_4,v387,Misses Exclusive_New Customer_Non Loyalist_Non Kohl's Charge_trans
new_nloy_nkc_ocbb_trans,1,Occasional Big Basket,New Customer,Non Loyalist,Non Kohl's Charge,Occasional Big Basket,m_4,v388,Occasional Big Basket_New Customer_Non Loyalist_Non Kohl's Charge_trans
new_nloy_nkc_odis_trans,1,One and Done In-Store,New Customer,Non Loyalist,Non Kohl's Charge,One and Done In-Store,m_4,v389,One and Done In-Store_New Customer_Non Loyalist_Non Kohl's Charge_trans
new_nloy_nkc_odol_trans,1,One and Done Online,New Customer,Non Loyalist,Non Kohl's Charge,One and Done Online,m_4,v390,One and Done Online_New Customer_Non Loyalist_Non Kohl's Charge_trans
new_nloy_kc_other_trans,1,Sales - Other,New Customer,Non Loyalist,Kohl's Charge,Sales - Other,m_4,v391,Sales - Other_New Customer_Non Loyalist_Kohl's Charge_trans
new_nloy_kc_dcp_trans,1,Discount Cherry Picker,New Customer,Non Loyalist,Kohl's Charge,Discount Cherry Picker,m_4,v392,Discount Cherry Picker_New Customer_Non Loyalist_Kohl's Charge_trans
new_nloy_kc_fsloy_trans,1,Kohl's Full Store Loyalist,New Customer,Non Loyalist,Kohl's Charge,Kohl's Full Store Loyalist,m_4,v393,Kohl's Full Store Loyalist_New Customer_Non Loyalist_Kohl's Charge_trans
new_nloy_kc_iseth_trans,1,Kohl's In-Store Enthusiast,New Customer,Non Loyalist,Kohl's Charge,Kohl's In-Store Enthusiast,m_4,v394,Kohl's In-Store Enthusiast_New Customer_Non Loyalist_Kohl's Charge_trans
new_nloy_kc_kids_trans,1,Kohl's Kids,New Customer,Non Loyalist,Kohl's Charge,Kohl's Kids,m_4,v395,Kohl's Kids_New Customer_Non Loyalist_Kohl's Charge_trans
new_nloy_kc_mens_trans,1,Kohl's Mens,New Customer,Non Loyalist,Kohl's Charge,Kohl's Mens,m_4,v396,Kohl's Mens_New Customer_Non Loyalist_Kohl's Charge_trans
new_nloy_kc_oleth_trans,1,Kohl's Online Enthusiast,New Customer,Non Loyalist,Kohl's Charge,Kohl's Online Enthusiast,m_4,v397,Kohl's Online Enthusiast_New Customer_Non Loyalist_Kohl's Charge_trans
new_nloy_kc_missex_trans,1,Misses Exclusive,New Customer,Non Loyalist,Kohl's Charge,Misses Exclusive,m_4,v398,Misses Exclusive_New Customer_Non Loyalist_Kohl's Charge_trans
new_nloy_kc_ocbb_trans,1,Occasional Big Basket,New Customer,Non Loyalist,Kohl's Charge,Occasional Big Basket,m_4,v399,Occasional Big Basket_New Customer_Non Loyalist_Kohl's Charge_trans
new_nloy_kc_odis_trans,1,One and Done In-Store,New Customer,Non Loyalist,Kohl's Charge,One and Done In-Store,m_4,v400,One and Done In-Store_New Customer_Non Loyalist_Kohl's Charge_trans
new_nloy_kc_odol_trans,1,One and Done Online,New Customer,Non Loyalist,Kohl's Charge,One and Done Online,m_4,v401,One and Done Online_New Customer_Non Loyalist_Kohl's Charge_trans
new_loy_nkc_other_trans,1,Sales - Other,New Customer,Loyalist,Non Kohl's Charge,Sales - Other,m_4,v402,Sales - Other_New Customer_Loyalist_Non Kohl's Charge_trans
new_loy_nkc_dcp_trans,1,Discount Cherry Picker,New Customer,Loyalist,Non Kohl's Charge,Discount Cherry Picker,m_4,v403,Discount Cherry Picker_New Customer_Loyalist_Non Kohl's Charge_trans
new_loy_nkc_fsloy_trans,1,Kohl's Full Store Loyalist,New Customer,Loyalist,Non Kohl's Charge,Kohl's Full Store Loyalist,m_4,v404,Kohl's Full Store Loyalist_New Customer_Loyalist_Non Kohl's Charge_trans
new_loy_nkc_iseth_trans,1,Kohl's In-Store Enthusiast,New Customer,Loyalist,Non Kohl's Charge,Kohl's In-Store Enthusiast,m_4,v405,Kohl's In-Store Enthusiast_New Customer_Loyalist_Non Kohl's Charge_trans
new_loy_nkc_kids_trans,1,Kohl's Kids,New Customer,Loyalist,Non Kohl's Charge,Kohl's Kids,m_4,v406,Kohl's Kids_New Customer_Loyalist_Non Kohl's Charge_trans
new_loy_nkc_mens_trans,1,Kohl's Mens,New Customer,Loyalist,Non Kohl's Charge,Kohl's Mens,m_4,v407,Kohl's Mens_New Customer_Loyalist_Non Kohl's Charge_trans
new_loy_nkc_oleth_trans,1,Kohl's Online Enthusiast,New Customer,Loyalist,Non Kohl's Charge,Kohl's Online Enthusiast,m_4,v408,Kohl's Online Enthusiast_New Customer_Loyalist_Non Kohl's Charge_trans
new_loy_nkc_missex_trans,1,Misses Exclusive,New Customer,Loyalist,Non Kohl's Charge,Misses Exclusive,m_4,v409,Misses Exclusive_New Customer_Loyalist_Non Kohl's Charge_trans
new_loy_nkc_ocbb_trans,1,Occasional Big Basket,New Customer,Loyalist,Non Kohl's Charge,Occasional Big Basket,m_4,v410,Occasional Big Basket_New Customer_Loyalist_Non Kohl's Charge_trans
new_loy_nkc_odis_trans,1,One and Done In-Store,New Customer,Loyalist,Non Kohl's Charge,One and Done In-Store,m_4,v411,One and Done In-Store_New Customer_Loyalist_Non Kohl's Charge_trans
new_loy_nkc_odol_trans,1,One and Done Online,New Customer,Loyalist,Non Kohl's Charge,One and Done Online,m_4,v412,One and Done Online_New Customer_Loyalist_Non Kohl's Charge_trans
new_loy_kc_other_trans,1,Sales - Other,New Customer,Loyalist,Kohl's Charge,Sales - Other,m_4,v413,Sales - Other_New Customer_Loyalist_Kohl's Charge_trans
new_loy_kc_dcp_trans,1,Discount Cherry Picker,New Customer,Loyalist,Kohl's Charge,Discount Cherry Picker,m_4,v414,Discount Cherry Picker_New Customer_Loyalist_Kohl's Charge_trans
new_loy_kc_fsloy_trans,1,Kohl's Full Store Loyalist,New Customer,Loyalist,Kohl's Charge,Kohl's Full Store Loyalist,m_4,v415,Kohl's Full Store Loyalist_New Customer_Loyalist_Kohl's Charge_trans
new_loy_kc_iseth_trans,1,Kohl's In-Store Enthusiast,New Customer,Loyalist,Kohl's Charge,Kohl's In-Store Enthusiast,m_4,v416,Kohl's In-Store Enthusiast_New Customer_Loyalist_Kohl's Charge_trans
new_loy_kc_kids_trans,1,Kohl's Kids,New Customer,Loyalist,Kohl's Charge,Kohl's Kids,m_4,v417,Kohl's Kids_New Customer_Loyalist_Kohl's Charge_trans
new_loy_kc_mens_trans,1,Kohl's Mens,New Customer,Loyalist,Kohl's Charge,Kohl's Mens,m_4,v418,Kohl's Mens_New Customer_Loyalist_Kohl's Charge_trans
new_loy_kc_oleth_trans,1,Kohl's Online Enthusiast,New Customer,Loyalist,Kohl's Charge,Kohl's Online Enthusiast,m_4,v419,Kohl's Online Enthusiast_New Customer_Loyalist_Kohl's Charge_trans
new_loy_kc_missex_trans,1,Misses Exclusive,New Customer,Loyalist,Kohl's Charge,Misses Exclusive,m_4,v420,Misses Exclusive_New Customer_Loyalist_Kohl's Charge_trans
new_loy_kc_ocbb_trans,1,Occasional Big Basket,New Customer,Loyalist,Kohl's Charge,Occasional Big Basket,m_4,v421,Occasional Big Basket_New Customer_Loyalist_Kohl's Charge_trans
new_loy_kc_odis_trans,1,One and Done In-Store,New Customer,Loyalist,Kohl's Charge,One and Done In-Store,m_4,v422,One and Done In-Store_New Customer_Loyalist_Kohl's Charge_trans
new_loy_kc_odol_trans,1,One and Done Online,New Customer,Loyalist,Kohl's Charge,One and Done Online,m_4,v423,One and Done Online_New Customer_Loyalist_Kohl's Charge_trans
